,open,close,high,low,volume,money
2020-01-02,5.01,5.02,5.14,4.94,17963198.0,90485915.3
2020-01-03,5.04,5.17,5.19,4.99,19114083.0,97512494.48
2020-01-06,5.22,5.28,5.34,5.19,19968617.0,104945671.32
2020-01-07,5.3,5.26,5.34,5.2,17362894.0,91278964.68
2020-01-08,5.42,5.27,5.45,5.22,19311379.0,102365256.13
2020-01-09,5.14,5.21,5.31,5.12,13499757.0,70498149.01
2020-01-10,5.19,5.45,5.48,5.17,24765311.0,132229393.79
2020-01-13,5.55,5.49,5.62,5.44,18658548.0,102722943.03
2020-01-14,5.44,5.51,5.61,5.41,16955463.0,93855992.6
2020-01-15,5.51,5.58,5.66,5.45,13548630.0,75237132.78
2020-01-16,5.63,5.54,5.66,5.52,10686762.0,59403424.28
2020-01-17,5.54,5.55,5.63,5.48,12811277.0,71026660.88
2020-01-20,5.55,5.56,5.62,5.49,13261122.0,73477566.72
2020-01-21,5.64,5.64,5.87,5.57,28031607.0,160682298.6
2020-01-22,5.54,5.46,5.57,5.35,21123719.0,115096012.57
2020-01-23,5.29,5.06,5.29,4.91,34997436.0,179134693.4
2020-02-03,4.55,4.55,4.67,4.55,19231579.0,87737975.55
2020-02-04,4.49,4.63,4.69,4.49,20669194.0,95404727.19
2020-02-05,4.6,4.68,4.76,4.6,21482447.0,100415834.11
2020-02-06,4.69,4.69,4.72,4.61,18225016.0,85111697.49
2020-02-07,4.67,4.67,4.74,4.6,14603434.0,68241112.05
2020-02-10,4.63,4.86,4.87,4.61,17650664.0,83420304.86
2020-02-11,4.81,4.9,5.01,4.79,21860647.0,106971483.0
2020-02-12,4.88,5.0,5.04,4.87,16830516.0,83763640.08
2020-02-13,5.02,5.01,5.13,4.97,16597717.0,83652179.38
2020-02-14,5.01,5.09,5.13,4.98,14003136.0,71003099.13
2020-02-17,5.12,5.18,5.2,5.1,14542674.0,74937038.81
2020-02-18,5.19,5.58,5.7,5.17,36596058.0,200637571.46
2020-02-19,5.74,5.77,6.03,5.54,59209740.0,343308253.75
2020-02-20,5.8,5.91,5.95,5.71,33252574.0,194694497.08
2020-02-21,5.91,6.21,6.25,5.88,41103032.0,250343290.68
2020-02-24,6.34,6.1,6.37,5.96,48263052.0,294797963.0
2020-02-25,5.79,5.79,5.93,5.76,45803144.0,266884462.36
2020-02-26,5.58,5.66,5.8,5.58,26244876.0,149313278.5
2020-02-27,5.69,5.76,5.82,5.65,20092170.0,114953607.2
2020-02-28,5.54,5.29,5.57,5.26,33823118.0,183092622.19
2020-03-02,5.29,5.46,5.47,5.27,19706908.0,106088276.12
2020-03-03,5.53,5.48,5.63,5.46,16500819.0,91344141.72
2020-03-04,5.57,5.57,5.67,5.48,17921535.0,99940814.64
2020-03-05,5.59,5.57,5.6,5.51,17054552.0,94904470.73
2020-03-06,5.61,5.54,5.66,5.49,16257013.0,90511884.86
2020-03-09,5.49,5.25,5.49,5.22,21931605.0,117159419.46
2020-03-10,5.17,5.36,5.37,5.1,16743296.0,88022798.1
2020-03-11,5.34,5.34,5.42,5.31,12179515.0,65417444.72
2020-03-12,5.25,5.16,5.28,5.13,11956480.0,61935488.94
2020-03-13,4.79,5.07,5.12,4.76,19010150.0,93608431.74
2020-03-16,5.02,4.87,5.06,4.84,14384501.0,71496525.82
2020-03-17,4.84,4.73,4.95,4.64,13497034.0,64110365.84
2020-03-18,4.79,4.65,4.83,4.63,9503222.0,44972737.2
2020-03-19,4.69,4.74,4.76,4.63,10228469.0,48053526.28
2020-03-20,4.8,5.22,5.22,4.8,15935572.0,81198226.08
2020-03-23,5.12,5.24,5.57,5.01,29769518.0,158598869.98
2020-03-24,5.64,5.47,5.7,5.34,31651151.0,173451008.91
2020-03-25,5.58,5.41,5.58,5.38,25644089.0,139725881.3
2020-03-26,5.34,5.44,5.5,5.29,15290389.0,82657409.36
2020-03-27,5.45,5.49,5.76,5.4,20494755.0,113705460.15
2020-03-30,5.36,5.29,5.39,5.16,16562568.0,87387464.8
2020-03-31,5.34,5.25,5.34,5.24,8555090.0,45166771.0
2020-04-01,5.17,5.28,5.36,5.13,9468243.0,49645336.88
2020-04-02,5.21,5.3,5.32,5.18,8440316.0,44407453.87
2020-04-03,5.35,5.31,5.41,5.25,8458109.0,45016506.4
2020-04-07,5.47,5.54,5.59,5.41,18339637.0,100998275.14
2020-04-08,5.48,5.49,5.57,5.4,14135035.0,77412714.92
2020-04-09,5.51,5.49,5.57,5.47,9835018.0,54151207.36
2020-04-10,5.57,5.49,5.69,5.37,19675524.0,108959946.73
2020-04-13,5.37,5.38,5.48,5.36,8643108.0,46732881.91
2020-04-14,5.45,5.5,5.64,5.37,25122788.0,138387357.34
2020-04-15,5.5,5.34,5.56,5.32,17724612.0,96150193.98
2020-04-16,5.3,5.39,5.42,5.23,11724324.0,62120015.29
2020-04-17,5.37,5.37,5.46,5.31,9806281.0,52630206.3
2020-04-20,5.41,5.55,5.63,5.37,15713764.0,86332250.69
2020-04-21,5.43,5.33,5.44,5.28,16425209.0,87734246.16
2020-04-22,5.22,5.26,5.28,5.15,12539809.0,65398872.05
2020-04-23,5.27,5.39,5.44,5.27,14213213.0,76344587.02
2020-04-24,5.41,5.39,5.47,5.35,14075887.0,76225808.0
2020-04-27,5.37,5.22,5.42,5.19,12361643.0,65354376.84
2020-04-28,5.25,5.12,5.29,5.04,12114832.0,62018834.47
2020-04-29,5.14,4.97,5.16,4.92,11211984.0,56276271.0
2020-04-30,4.97,5.09,5.11,4.97,8562948.0,43288164.53
2020-05-06,5.06,5.12,5.15,5.02,7932491.0,40487091.0
2020-05-07,5.04,4.97,5.07,4.95,11290107.0,56504018.08
2020-05-08,5.04,5.28,5.36,5.03,15690848.0,81384005.95
2020-05-11,5.29,5.33,5.44,5.29,13838395.0,74034629.62
2020-05-12,5.31,5.29,5.39,5.22,6063330.0,32029042.62
2020-05-13,5.27,5.38,5.46,5.24,13630319.0,73313856.52
2020-05-14,5.32,5.38,5.43,5.31,9307579.0,49792805.5
2020-05-15,5.48,5.48,5.54,5.41,17694292.0,97025797.19
2020-05-18,5.79,5.7,5.82,5.63,29674063.0,169387650.44
2020-05-19,5.64,5.49,5.64,5.48,17271817.0,95937185.58
2020-05-20,5.57,5.57,5.66,5.44,13945144.0,77655414.48
2020-05-21,5.55,5.37,5.59,5.37,11988261.0,65355892.41
2020-05-22,5.29,5.31,5.34,5.19,10495329.0,55344630.51
2020-05-25,5.36,5.38,5.63,5.34,16281633.0,89172820.59
2020-05-26,5.42,5.8,5.92,5.35,43860719.0,250477120.61
2020-05-27,5.79,5.76,5.92,5.7,26088762.0,151163363.13
2020-05-28,5.79,5.84,5.92,5.74,21794549.0,126638117.33
2020-05-29,5.8,6.19,6.31,5.75,43442157.0,264095940.45
2020-06-01,6.29,6.75,6.8,6.28,54416917.0,360554247.23
2020-06-02,6.76,6.72,6.85,6.56,31636886.0,212616252.28
2020-06-03,6.6,6.56,6.69,6.51,28939076.0,191034236.75
2020-06-04,6.56,6.67,6.76,6.51,22062795.0,146263797.18
2020-06-05,6.72,7.23,7.34,6.57,48627636.0,344479096.95
2020-06-08,7.14,6.75,7.21,6.72,39665851.0,272713047.16
2020-06-09,6.84,6.75,7.03,6.72,22725318.0,155746994.19
2020-06-10,6.77,6.86,7.15,6.64,41860514.0,287951234.48
2020-06-11,6.7,6.47,6.8,6.44,35695214.0,234619911.04
2020-06-12,6.34,6.55,6.8,6.29,35006482.0,228462763.14
2020-06-15,6.52,6.36,6.73,6.29,29058439.0,189340331.96
2020-06-16,6.44,6.36,6.44,6.3,17781395.0,113125988.0
2020-06-17,6.35,6.92,6.97,6.35,38706096.0,256975622.99
2020-06-18,6.93,6.89,7.2,6.83,35088121.0,245839561.62
2020-06-19,6.91,7.15,7.43,6.91,46211881.0,334775767.74
2020-06-22,7.2,7.11,7.37,7.03,34246121.0,246715346.96
2020-06-23,7.09,6.88,7.14,6.84,25038060.0,173870291.38
2020-06-24,6.94,6.94,7.11,6.73,33094523.0,228024420.0
2020-06-29,7.01,7.28,7.63,6.96,47316071.0,345502669.38
2020-06-30,7.42,6.86,7.42,6.55,69665390.0,482008242.88
2020-07-01,6.78,7.55,7.55,6.75,111059786.0,820007792.04
2020-07-02,7.18,7.43,7.66,6.79,106039412.0,763407971.41
2020-07-03,7.34,8.18,8.18,7.34,91400390.0,729033713.16
2020-07-06,8.28,8.71,8.83,8.03,83039369.0,693399490.76
2020-07-07,8.46,8.39,8.68,8.28,59611019.0,505302337.61
2020-07-08,8.3,8.51,8.67,8.08,53395929.0,450904255.23
2020-07-09,8.63,9.31,9.36,8.59,64758970.0,579878563.11
2020-07-10,9.14,9.42,9.96,8.93,69759967.0,652508359.14
2020-07-13,9.44,9.54,9.74,9.18,53591563.0,505929763.74
2020-07-14,9.32,9.29,9.62,8.86,45622461.0,422315549.63
2020-07-15,9.19,9.22,9.58,8.94,43959209.0,404157460.42
2020-07-16,9.28,9.02,9.53,8.94,39213359.0,363908622.98
2020-07-17,8.89,8.59,8.96,8.28,31010508.0,266826880.01
2020-07-20,8.58,8.74,8.89,8.4,32946638.0,286562826.19
2020-07-21,9.1,9.38,9.55,9.09,55307531.0,517544840.49
2020-07-22,10.32,10.32,10.32,10.0,88142967.0,903891534.76
2020-07-23,10.37,10.39,10.82,10.15,70620234.0,735229695.29
2020-07-24,9.99,9.37,10.18,9.36,75264657.0,731906225.94
2020-07-27,9.61,9.93,10.18,9.33,53715244.0,528870023.58
2020-07-28,10.92,9.54,10.92,9.42,114251766.0,1178387051.78
2020-07-29,9.54,9.59,9.72,8.78,76174522.0,703497649.0
2020-07-30,9.54,9.13,9.73,9.12,52634711.0,492435705.5
2020-07-31,9.15,9.38,9.63,8.84,69688109.0,637190643.5
2020-08-03,9.24,9.25,9.38,9.11,40412278.0,372910983.21
2020-08-04,9.24,8.94,9.36,8.88,43599968.0,393089647.1
2020-08-05,9.28,9.32,9.36,8.95,49749136.0,456372803.61
2020-08-06,9.53,9.83,10.21,9.34,92357985.0,896344018.58
2020-08-07,10.27,9.77,10.47,9.57,83496420.0,843028736.22
2020-08-10,9.28,9.22,9.38,8.94,51992040.0,475068422.7
2020-08-11,9.28,8.7,9.33,8.48,53286155.0,477672635.1
2020-08-12,7.99,8.11,8.21,7.83,59790414.0,478131864.46
2020-08-13,8.15,7.93,8.18,7.88,28549052.0,227740368.02
2020-08-14,8.08,8.14,8.15,7.94,27175919.0,218862840.48
2020-08-17,8.03,8.42,8.47,7.98,33032164.0,271743844.3
2020-08-18,8.38,8.41,8.6,8.26,39322762.0,330236334.53
2020-08-19,8.38,8.04,8.38,7.99,28176805.0,229693316.37
2020-08-20,7.87,7.79,7.9,7.68,22701844.0,176864892.18
2020-08-21,7.8,7.7,7.87,7.67,18691377.0,144635555.9
2020-08-24,7.61,7.7,7.76,7.39,16526136.0,126315034.6
2020-08-25,7.7,7.57,7.75,7.5,15295531.0,116206838.64
2020-08-26,7.53,7.28,7.56,7.23,17906958.0,131889177.41
2020-08-27,7.43,7.43,7.53,7.29,13558733.0,100125898.1
2020-08-28,7.42,7.51,7.52,7.31,11486080.0,85103455.12
2020-08-31,7.6,7.76,7.88,7.6,24031343.0,186355187.66
2020-09-01,7.77,8.13,8.17,7.76,27378615.0,219810199.03
2020-09-02,8.01,7.88,8.06,7.84,16809831.0,133111193.16
2020-09-03,7.81,7.71,7.94,7.7,11719606.0,91208259.0
2020-09-04,7.58,7.78,7.82,7.52,12799521.0,98720331.08
2020-09-07,7.76,7.59,7.85,7.53,13353601.0,102411418.09
2020-09-08,7.51,7.6,7.64,7.38,11278894.0,84323126.17
2020-09-09,7.49,7.43,7.52,7.34,10621121.0,78991429.29
2020-09-10,7.52,7.39,7.56,7.35,8235949.0,61403641.4
2020-09-11,7.3,7.54,7.54,7.22,7532998.0,55522001.78
2020-09-14,7.56,7.54,7.76,7.45,9288944.0,70311964.72
2020-09-15,7.61,7.8,7.8,7.45,14907342.0,114838032.39
2020-09-16,7.69,7.64,7.71,7.57,8725827.0,66475504.58
2020-09-17,7.55,7.36,7.59,7.34,15675536.0,116175698.0
2020-09-18,7.35,7.53,7.54,7.31,12928625.0,95993238.87
2020-09-21,7.54,7.56,7.67,7.48,9690122.0,73491372.25
2020-09-22,7.24,7.2,7.35,7.14,16346613.0,118745109.64
2020-09-23,7.23,7.08,7.27,7.06,10645019.0,76197736.04
2020-09-24,6.97,6.84,7.02,6.83,13474229.0,93226492.0
2020-09-25,6.93,6.92,6.99,6.82,7958997.0,54876034.64
2020-09-28,6.92,6.8,7.0,6.73,10689801.0,73017086.88
2020-09-29,6.89,6.82,7.06,6.81,9584367.0,66286566.0
2020-09-30,6.84,6.86,6.93,6.76,6033603.0,41107548.36
2020-10-09,6.93,6.96,7.06,6.89,9459007.0,66000842.48
2020-10-12,7.08,7.53,7.59,7.08,28502964.0,210080695.94
2020-10-13,7.44,7.63,7.71,7.41,19224738.0,145922456.01
2020-10-14,7.48,7.54,7.68,7.39,15136583.0,114474894.5
2020-10-15,7.57,7.41,7.65,7.39,13568294.0,101781960.71
2020-10-16,7.44,7.44,7.7,7.41,11866904.0,89270458.98
2020-10-19,7.68,7.59,7.7,7.44,10740771.0,81237420.7
2020-10-20,7.52,7.52,7.58,7.45,6219204.0,46650857.26
2020-10-21,7.61,7.55,7.63,7.5,9120282.0,69065798.96
2020-10-22,7.48,7.4,7.49,7.36,8137184.0,60296131.0
2020-10-23,7.38,7.2,7.4,7.17,9125543.0,66212733.43
2020-10-26,7.14,6.99,7.18,6.94,11345626.0,79772612.08
2020-10-27,6.95,7.09,7.17,6.94,13723610.0,96584520.32
2020-10-28,7.02,7.13,7.13,6.96,8490981.0,59897082.98
2020-10-29,6.91,7.03,7.05,6.86,13101575.0,90935289.67
2020-10-30,6.98,6.85,7.02,6.63,13336980.0,92305778.24
2020-11-02,6.78,7.28,7.29,6.68,19696952.0,139551996.86
2020-11-03,7.3,7.47,7.55,7.22,15304636.0,113836834.96
2020-11-04,7.45,7.49,7.6,7.4,13507528.0,101226482.89
2020-11-05,7.51,7.49,7.56,7.45,11200660.0,84016017.22
2020-11-06,7.78,7.62,7.8,7.54,24330419.0,186357682.41
2020-11-09,7.72,7.96,8.04,7.64,22952934.0,181887996.86
2020-11-10,7.49,7.64,7.77,7.49,18741706.0,143288874.16
2020-11-11,7.62,7.73,7.97,7.57,17506072.0,135973788.61
2020-11-12,7.73,7.75,7.87,7.66,9513201.0,73722229.7
2020-11-13,7.68,7.79,7.9,7.68,14068557.0,109631841.46
2020-11-16,7.96,8.04,8.16,7.83,28056385.0,225073732.98
2020-11-17,8.15,7.96,8.26,7.86,26193482.0,211819559.74
2020-11-18,7.87,7.99,8.19,7.8,16724971.0,133657904.56
2020-11-19,7.93,7.7,7.96,7.61,19912338.0,153663988.2
2020-11-20,7.67,7.88,7.94,7.64,16063343.0,125187768.76
2020-11-23,8.01,8.19,8.31,7.92,38408810.0,313258043.06
2020-11-24,8.08,8.02,8.17,7.83,31804024.0,253200507.61
2020-11-25,7.94,7.67,8.06,7.67,21340044.0,167335571.87
2020-11-26,7.68,7.68,7.76,7.53,12137537.0,92702925.6
2020-11-27,7.68,7.66,7.74,7.51,10586072.0,80491992.12
2020-11-30,7.53,7.54,7.88,7.39,23610915.0,179908682.49
2020-12-01,7.55,7.55,7.59,7.38,15690359.0,117235577.36
2020-12-02,7.76,7.96,8.31,7.76,47519726.0,381855040.65
2020-12-03,7.84,7.64,7.89,7.49,33903652.0,259286952.9
2020-12-04,7.6,7.66,7.74,7.54,12204298.0,93475866.72
2020-12-07,7.63,7.48,7.69,7.48,13151755.0,99510411.42
2020-12-08,7.6,7.53,7.61,7.46,11163969.0,84118423.0
2020-12-09,7.53,7.2,7.54,7.14,22133631.0,161569700.77
2020-12-10,7.18,7.23,7.33,6.75,14767978.0,105470612.14
2020-12-11,7.3,7.21,7.43,7.17,9037092.0,65704003.82
2020-12-14,7.1,7.14,7.21,6.99,6559487.0,46635915.0
2020-12-15,7.14,7.12,7.2,7.03,7221433.0,51266386.15
2020-12-16,7.25,7.45,7.56,7.16,18553032.0,137142383.98
2020-12-17,7.47,7.77,7.84,7.32,28604435.0,218228489.8
2020-12-18,7.91,7.8,7.95,7.76,28294146.0,222322962.26
2020-12-21,8.08,8.15,8.2,7.88,42721437.0,345853065.44
2020-12-22,8.01,7.71,8.01,7.7,28360456.0,222542748.0
2020-12-23,7.6,7.62,7.83,7.58,21341663.0,163748198.91
2020-12-24,7.73,7.58,7.85,7.49,19025185.0,145397693.0
2020-12-25,7.5,7.73,7.81,7.38,23427233.0,178472516.49
2020-12-28,7.81,7.97,8.12,7.79,39153678.0,313196381.68
2020-12-29,7.94,7.67,8.01,7.59,24456218.0,191165971.71
2020-12-30,7.7,7.84,7.9,7.63,21405541.0,167079059.49
2020-12-31,7.92,7.82,7.96,7.8,17103319.0,134592886.39
2021-01-04,7.98,7.99,8.09,7.9,28908316.0,231305418.82
2021-01-05,7.98,7.9,8.11,7.89,25917954.0,206398712.04
2021-01-06,7.97,7.81,8.04,7.78,20643887.0,162777444.28
2021-01-07,7.71,7.81,8.02,7.66,25049292.0,196494926.98
2021-01-08,7.78,7.66,7.81,7.53,20751081.0,158407016.54
2021-01-11,7.28,7.21,7.36,7.13,25525980.0,185193539.98
2021-01-12,7.2,7.29,7.31,7.18,13399438.0,97207049.88
2021-01-13,7.33,7.17,7.44,6.98,20669085.0,148883771.54
2021-01-14,7.08,7.01,7.15,6.95,25412790.0,178506335.37
2021-01-15,7.03,7.03,7.13,6.94,16734571.0,117398802.11
2021-01-18,6.97,7.26,7.29,6.94,18171307.0,130284228.11
2021-01-19,7.29,7.18,7.34,7.11,15282809.0,110458260.23
2021-01-20,7.18,7.41,7.45,7.18,15947020.0,117099715.16
2021-01-21,7.45,7.69,7.72,7.37,21595446.0,163834916.22
2021-01-22,7.66,7.58,7.77,7.42,25648527.0,194501397.76
2021-01-25,7.58,7.42,7.6,7.03,19012756.0,141338266.98
2021-01-26,7.34,7.43,7.55,7.27,14835266.0,109744351.6
2021-01-27,7.38,7.35,7.43,7.22,11601931.0,84968145.45
2021-01-28,7.23,7.11,7.36,7.09,11469252.0,82892513.78
2021-01-29,7.28,7.11,7.48,7.06,25446072.0,183607242.3
2021-02-01,7.77,7.82,7.82,7.57,48159293.0,374313137.31
2021-02-02,7.93,8.18,8.33,7.81,77829621.0,631284368.03
2021-02-03,7.64,7.71,8.03,7.64,46253626.0,361078656.26
2021-02-04,7.58,7.23,7.66,7.08,32230304.0,236401391.06
2021-02-05,7.1,7.12,7.31,7.08,25344772.0,181726582.89
2021-02-08,6.78,6.99,7.03,6.7,32173029.0,221419223.28
2021-02-09,7.0,7.16,7.33,6.99,25209668.0,181818609.89
2021-02-10,7.18,7.05,7.22,6.97,20469068.0,144909327.01
2021-02-18,7.33,7.66,7.68,7.3,37868208.0,282940687.04
2021-02-19,7.58,7.67,7.81,7.32,39849711.0,300830116.74
2021-02-22,8.38,8.44,8.44,8.38,24220685.0,204085176.78
2021-02-23,8.48,8.68,8.88,8.24,111056638.0,956153008.11
2021-02-24,8.3,8.37,8.66,8.16,65692016.0,551432895.01
2021-02-25,8.54,8.12,8.66,8.0,46338867.0,381405394.96
2021-02-26,7.79,7.58,7.9,7.56,37688639.0,290397495.41
2021-03-01,7.57,7.62,7.68,7.39,34507603.0,259649603.42
2021-03-02,7.51,7.36,7.53,7.28,28651650.0,211865885.87
2021-03-03,7.37,7.53,7.6,7.37,22522978.0,168835194.26
2021-03-04,7.4,7.32,7.44,7.3,26494953.0,195349575.24
2021-03-05,7.19,7.27,7.34,7.13,17916627.0,129825941.34
2021-03-08,7.35,7.24,7.43,7.24,19273027.0,141352689.54
2021-03-09,7.21,7.1,7.28,6.99,20707891.0,147922628.66
2021-03-10,7.26,7.04,7.27,7.01,17002976.0,120327174.35
2021-03-11,7.04,7.29,7.34,7.02,17986043.0,129789223.2
2021-03-12,7.27,7.18,7.29,7.13,12647427.0,90959553.52
2021-03-15,7.2,7.35,7.46,7.19,18743561.0,137263281.41
2021-03-16,7.37,7.33,7.38,7.22,11517445.0,84113200.09
2021-03-17,7.28,7.34,7.35,7.18,10401912.0,75880819.11
2021-03-18,7.43,7.35,7.45,7.29,12662006.0,93221246.32
2021-03-19,7.23,7.21,7.31,7.16,10551714.0,76388615.53
2021-03-22,7.28,7.21,7.35,7.17,10641595.0,77059492.04
2021-03-23,7.23,7.08,7.24,7.04,13537394.0,96171480.21
2021-03-24,7.08,6.93,7.08,6.85,17231466.0,119446909.28
2021-03-25,6.92,7.01,7.05,6.9,7977607.0,55878587.32
2021-03-26,7.01,7.01,7.05,6.94,7455245.0,52134022.0
2021-03-29,7.0,6.89,7.02,6.86,11062172.0,76565285.58
2021-03-30,6.88,6.87,6.91,6.78,9489300.0,64759134.44
2021-03-31,6.79,6.58,6.84,6.55,21935642.0,146228233.47
2021-04-01,6.63,6.67,6.75,6.58,11969306.0,79715146.25
2021-04-02,6.75,6.67,6.77,6.66,12350054.0,82927798.92
2021-04-06,6.68,6.65,6.71,6.61,10296083.0,68684282.37
2021-04-07,6.68,6.65,6.68,6.61,9531207.0,63314029.37
2021-04-08,6.65,6.63,6.7,6.59,15075426.0,100234091.82
2021-04-09,6.67,6.59,6.7,6.59,11329660.0,75219140.5
2021-04-12,6.58,6.28,6.58,6.25,19002619.0,120463719.37
2021-04-13,6.22,6.1,6.28,6.06,12179824.0,74756874.18
2021-04-14,6.18,6.17,6.21,6.1,7319229.0,44985090.6
2021-04-15,6.28,6.45,6.46,6.26,14573148.0,92720183.12
2021-04-16,6.42,6.67,6.7,6.4,16867882.0,111503561.48
2021-04-19,6.68,6.72,6.75,6.64,13269689.0,88960835.73
2021-04-20,6.69,6.74,6.8,6.61,12372803.0,83135923.16
2021-04-21,6.71,6.72,6.8,6.65,8774066.0,58993302.92
2021-04-22,6.8,6.82,6.95,6.8,12517148.0,86062920.76
2021-04-23,6.75,6.74,6.79,6.66,9130940.0,61468168.14
2021-04-26,6.74,6.65,6.79,6.65,10322367.0,69390198.13
2021-04-27,6.6,6.7,6.73,6.58,9774454.0,65183626.93
2021-04-28,6.64,6.67,6.71,6.54,6856892.0,45539050.44
2021-04-29,6.73,6.88,6.93,6.65,14690919.0,100458488.92
2021-04-30,6.78,6.83,6.85,6.65,11405780.0,76923482.97
2021-05-06,7.12,7.14,7.3,7.08,25308843.0,181780543.9
2021-05-07,7.33,7.33,7.53,7.33,38340884.0,284107270.98
2021-05-10,7.48,7.86,7.91,7.34,58659090.0,449237563.14
2021-05-11,7.61,7.73,7.86,7.38,34074686.0,258328403.63
2021-05-12,7.63,7.75,7.91,7.59,25925116.0,201251780.03
2021-05-13,7.49,7.55,7.64,7.45,24049611.0,181134730.18
2021-05-14,7.57,7.44,7.61,7.34,13879634.0,103039002.24
2021-05-17,7.44,7.53,7.67,7.37,19572733.0,147201654.15
2021-05-18,7.79,7.74,8.03,7.73,35544904.0,279754842.47
2021-05-19,7.58,7.56,7.69,7.52,19021383.0,144552681.36
2021-05-20,7.32,7.3,7.42,7.15,25514983.0,185668479.74
2021-05-21,7.3,7.69,7.81,7.29,32417712.0,247264404.8
2021-05-24,7.97,7.91,8.29,7.87,50135945.0,405087646.03
2021-05-25,7.91,7.64,7.99,7.6,28774352.0,221748275.47
2021-05-26,7.83,7.93,8.16,7.74,40869377.0,325235519.56
2021-05-27,7.77,8.02,8.23,7.72,37025971.0,296870520.04
2021-05-28,8.22,8.18,8.36,8.1,37093200.0,304947114.49
2021-05-31,8.32,8.59,8.7,8.32,47099582.0,401731369.22
2021-06-01,8.56,9.09,9.32,8.44,58571477.0,524265504.7
2021-06-02,8.98,8.58,9.09,8.54,51324518.0,449676408.73
2021-06-03,8.73,8.81,9.04,8.62,34415019.0,305221543.33
2021-06-04,8.52,8.73,8.78,8.4,25319604.0,218934401.76
2021-06-07,8.88,8.8,8.98,8.65,19916469.0,174615477.76
2021-06-08,8.77,8.66,8.86,8.57,18539551.0,161164863.97
2021-06-09,8.64,8.67,8.85,8.49,21619370.0,187477223.83
2021-06-10,8.6,8.57,8.72,8.52,21965976.0,189093832.12
2021-06-11,8.68,8.53,8.7,8.44,30490786.0,260881883.42
2021-06-15,8.4,8.25,8.43,8.16,29417477.0,243886785.15
2021-06-16,8.28,8.03,8.36,7.9,24551547.0,198103260.32
2021-06-17,8.03,7.88,8.08,7.87,20608788.0,164103585.9
2021-06-18,7.73,7.83,7.91,7.57,23282273.0,181025903.75
2021-06-21,7.67,7.68,7.71,7.45,27474022.0,208765053.46
2021-06-22,7.69,7.66,7.77,7.61,18203682.0,139780987.97
2021-06-23,7.67,7.63,7.71,7.54,15787556.0,120317554.9
2021-06-24,7.66,7.48,7.67,7.43,16788262.0,126578091.62
2021-06-25,7.5,7.77,7.87,7.49,30242639.0,232159386.14
2021-06-28,7.67,7.5,7.68,7.49,32379599.0,244516408.49
2021-06-29,7.52,7.28,7.56,7.27,25587746.0,188721429.63
2021-06-30,7.31,7.51,7.71,7.3,24182656.0,182143291.2
2021-07-01,7.57,7.45,7.62,7.43,13590007.0,102092398.0
2021-07-02,7.43,7.53,7.62,7.4,13580259.0,102414660.23
2021-07-05,7.58,7.65,7.74,7.51,27038075.0,206807834.36
2021-07-06,7.67,7.79,7.82,7.63,23413893.0,181256072.06
2021-07-07,7.68,7.91,7.91,7.6,22877810.0,178109381.67
2021-07-08,7.94,7.77,7.96,7.74,22102668.0,172867838.97
2021-07-09,7.72,8.13,8.39,7.69,42858200.0,345473262.97
2021-07-12,8.15,8.09,8.29,8.02,27895007.0,227101112.96
2021-07-13,8.03,8.05,8.06,7.86,18257096.0,145192144.08
2021-07-14,8.0,7.81,8.0,7.76,17943351.0,140797588.86
2021-07-15,7.94,8.05,8.08,7.71,25291805.0,200750316.97
2021-07-16,8.0,8.38,8.48,7.93,37558297.0,311603719.46
2021-07-19,8.37,8.88,8.96,8.37,53660476.0,471095097.71
2021-07-20,8.72,8.63,8.86,8.55,39966957.0,346734516.82
2021-07-21,8.6,8.64,8.73,8.52,33354785.0,288093762.1
2021-07-22,8.58,8.99,9.08,8.58,46598726.0,415322572.09
2021-07-23,8.89,9.34,9.83,8.89,69039298.0,648900891.43
2021-07-26,9.46,8.94,9.59,8.84,64864914.0,591791162.31
2021-07-27,9.0,8.44,9.25,8.43,55939227.0,496785059.46
2021-07-28,8.29,8.13,8.42,8.03,36658935.0,300745450.41
2021-07-29,8.32,8.95,8.95,8.32,44978139.0,391787075.34
2021-07-30,9.03,9.27,9.38,8.84,60757965.0,550885316.23
2021-08-02,9.66,9.02,9.66,8.89,51191926.0,466149110.27
2021-08-03,9.04,8.68,9.07,8.63,34177288.0,301010817.84
2021-08-04,8.67,8.88,9.02,8.59,25559465.0,226309251.96
2021-08-05,8.78,9.1,9.31,8.61,40908147.0,369457593.38
2021-08-06,8.94,9.21,9.3,8.94,36903648.0,338117139.74
2021-08-09,8.98,9.26,9.33,8.74,34162317.0,310952515.51
2021-08-10,9.18,8.91,9.3,8.77,47706878.0,426900708.59
2021-08-11,8.87,9.18,9.55,8.85,46814366.0,429951596.59
2021-08-12,9.4,9.74,9.98,9.39,85675683.0,834345512.0
2021-08-13,9.71,9.96,10.05,9.57,72853571.0,714149785.76
2021-08-16,10.08,9.27,10.3,9.2,76828564.0,736643500.63
2021-08-17,9.28,9.39,9.47,9.18,43827341.0,409493946.74
2021-08-18,9.28,9.25,9.41,9.01,38058939.0,351158683.63
2021-08-19,9.18,9.14,9.34,8.83,39801290.0,359479332.59
2021-08-20,8.91,9.15,9.16,8.77,36399283.0,325916685.92
2021-08-23,9.33,9.7,10.03,9.33,86045897.0,836210771.76
2021-08-24,9.89,9.66,9.96,9.62,53831483.0,525026598.87
2021-08-25,9.67,9.69,9.82,9.58,45421071.0,440007495.68
2021-08-26,9.62,9.86,9.98,9.52,71024313.0,698700140.33
2021-08-27,9.85,10.33,10.4,9.77,80081765.0,810894719.61
2021-08-30,10.49,10.89,11.09,10.25,95145609.0,1011418694.29
2021-08-31,11.02,11.38,11.62,10.71,103494893.0,1154929304.35
2021-09-01,11.52,10.82,11.93,10.47,106284519.0,1191494320.84
2021-09-02,10.53,10.84,11.16,10.47,74677230.0,807930149.45
2021-09-03,10.55,10.32,10.83,10.01,92442136.0,962807294.86
2021-09-06,10.43,10.08,10.58,9.94,63578656.0,643095012.84
2021-09-07,10.1,10.17,10.28,9.89,87480198.0,882546606.74
2021-09-08,10.18,10.05,10.21,9.98,81993506.0,826614426.41
2021-09-09,9.98,10.37,10.39,9.8,88628976.0,899711401.41
2021-09-10,10.31,10.42,10.85,10.2,89875230.0,941727273.47
2021-09-13,10.4,10.93,10.94,10.33,109160384.0,1163062300.41
2021-09-14,10.6,10.02,10.65,10.01,102089076.0,1052226702.8
2021-09-15,9.84,10.04,10.18,9.62,73235339.0,724856719.37
2021-09-16,10.11,9.29,10.16,9.28,95017153.0,919158783.37
2021-09-17,9.02,8.77,9.2,8.53,84168339.0,748672969.09
2021-09-22,8.69,8.86,8.92,8.57,38799599.0,340309149.22
2021-09-23,8.97,8.72,9.08,8.69,38901851.0,344268559.93
2021-09-24,8.83,8.4,8.95,8.38,53700796.0,464749531.95
2021-09-27,8.4,7.9,8.45,7.77,61118965.0,490328627.67
2021-09-28,7.95,7.82,7.98,7.78,42181782.0,331867823.94
2021-09-29,7.75,7.6,7.83,7.59,35467942.0,273200155.32
2021-09-30,7.6,7.79,7.9,7.6,30001715.0,232529025.48
2021-10-08,7.9,7.79,7.96,7.76,26497894.0,207262110.62
2021-10-11,7.8,7.89,7.91,7.75,23431876.0,183941458.41
2021-10-12,7.87,7.68,7.93,7.64,22723003.0,175942387.56
2021-10-13,7.67,7.72,7.73,7.62,13896289.0,106808163.4
2021-10-14,7.74,7.99,8.07,7.74,42439524.0,336212183.0
2021-10-15,7.89,7.85,8.06,7.84,27385785.0,217128152.0
2021-10-18,7.93,8.11,8.11,7.82,45130638.0,359696441.0
2021-10-19,8.02,8.21,8.22,7.98,36430215.0,294401349.0
2021-10-20,8.03,8.11,8.21,7.94,37128357.0,299787135.0
2021-10-21,8.22,8.46,8.64,8.21,59943788.0,506380201.9
2021-10-22,8.33,8.14,8.38,8.09,38923222.0,319498325.74
2021-10-25,8.13,8.16,8.21,7.98,18550110.0,151021953.7
2021-10-26,8.17,8.1,8.27,8.08,21322415.0,174313864.6
2021-10-27,7.97,7.78,7.98,7.72,32002259.0,249983649.03
2021-10-28,7.75,7.32,7.78,7.26,35988323.0,268419781.99
2021-10-29,7.31,7.32,7.41,7.16,19457073.0,141808425.1
2021-11-01,7.29,7.43,7.46,7.29,13909430.0,102905568.77
2021-11-02,7.44,7.21,7.47,7.13,24286321.0,176920090.52
2021-11-03,7.18,7.3,7.31,7.15,11030134.0,79675593.25
2021-11-04,7.36,7.29,7.47,7.28,13854451.0,101847032.87
2021-11-05,7.29,7.13,7.3,7.11,17405782.0,125272775.79
2021-11-08,7.15,7.31,7.31,7.13,17006736.0,123427839.93
2021-11-09,7.32,7.33,7.34,7.2,14717821.0,107118222.68
2021-11-10,7.32,7.31,7.38,7.24,13047591.0,95271328.35
2021-11-11,7.36,7.42,7.43,7.34,15942127.0,117861665.95
2021-11-12,7.45,7.42,7.52,7.4,17278219.0,128836691.5
2021-11-15,7.43,7.34,7.48,7.31,14636665.0,107721009.33
2021-11-16,7.35,7.18,7.35,7.17,17500099.0,126930402.95
2021-11-17,7.18,7.26,7.29,7.17,11021729.0,79745349.61
2021-11-18,7.28,7.53,7.54,7.26,24406602.0,180371576.27
2021-11-19,7.59,7.8,7.87,7.59,39963403.0,310417768.98
2021-11-22,7.7,7.78,7.85,7.67,26615961.0,206096100.04
2021-11-23,7.78,7.72,7.86,7.71,22232899.0,173085794.82
2021-11-24,7.67,7.75,7.77,7.6,18616582.0,143034083.47
2021-11-25,7.78,7.79,7.9,7.77,22994356.0,179787221.64
2021-11-26,7.69,7.6,7.74,7.55,21142022.0,161505346.31
2021-11-29,7.49,7.49,7.51,7.4,18889040.0,140644092.19
2021-11-30,7.53,7.59,7.83,7.51,22434370.0,171798744.43
2021-12-01,7.56,7.65,7.67,7.47,13669744.0,103617516.37
2021-12-02,7.61,7.54,7.65,7.52,13901038.0,105271118.8
2021-12-03,7.56,7.6,7.63,7.43,14578167.0,110071828.73
2021-12-06,7.59,7.53,7.71,7.53,20724326.0,157847633.58
2021-12-07,7.58,7.37,7.61,7.3,22249216.0,164873590.52
2021-12-08,7.4,7.48,7.48,7.37,12541275.0,93320009.5
2021-12-09,7.43,7.49,7.51,7.43,14145587.0,105772562.99
2021-12-10,7.45,7.48,7.58,7.4,15687717.0,117723074.46
2021-12-13,7.48,7.68,7.76,7.42,30215319.0,229744502.79
2021-12-14,7.63,7.6,7.7,7.56,21915348.0,167048461.92
2021-12-15,7.57,7.52,7.62,7.49,15580300.0,117563748.57
2021-12-16,7.52,7.6,7.61,7.47,14960025.0,112961041.73
2021-12-17,7.64,7.63,7.72,7.59,19542523.0,149315455.88
2021-12-20,7.58,7.4,7.6,7.39,19883956.0,148786140.77
2021-12-21,7.41,7.42,7.45,7.38,12022957.0,89136487.98
2021-12-22,7.44,7.48,7.53,7.42,13043159.0,97337248.92
2021-12-23,7.52,7.48,7.54,7.44,12624788.0,94573413.06
2021-12-24,7.5,7.3,7.51,7.28,19917961.0,146625215.08
2021-12-27,7.31,7.2,7.31,7.14,15161117.0,109080379.46
2021-12-28,7.22,7.28,7.29,7.21,11442841.0,82950654.53
2021-12-29,7.26,7.23,7.32,7.2,14383889.0,104316462.0
2021-12-30,7.26,7.21,7.29,7.21,12833914.0,92854261.54
2021-12-31,7.23,7.22,7.25,7.18,11030180.0,79629917.98
2022-01-04,7.21,7.28,7.32,7.21,15389905.0,111927587.11
2022-01-05,7.28,7.16,7.32,7.12,17523301.0,126249629.13
2022-01-06,7.14,7.21,7.23,7.12,9589980.0,68982622.66
2022-01-07,7.19,7.19,7.23,7.17,11257668.0,81059462.28
2022-01-10,7.19,7.22,7.23,7.14,10456305.0,75206700.0
2022-01-11,7.2,7.29,7.35,7.19,17963518.0,131045189.0
2022-01-12,7.4,7.47,7.48,7.35,33208396.0,246780188.0
2022-01-13,7.47,7.64,7.85,7.45,65837578.0,507382212.0
2022-01-14,7.58,7.33,7.66,7.33,34639189.0,257591830.0
2022-01-17,7.32,7.27,7.33,7.2,20158130.0,146211373.0
2022-01-18,7.35,7.48,7.73,7.34,43739186.0,330136815.0
2022-01-19,7.52,7.53,7.6,7.42,21362607.0,160391524.0
2022-01-20,7.72,8.29,8.29,7.65,106020931.0,855758372.0
2022-01-21,8.29,8.74,8.77,8.06,132119903.0,1113105737.0
2022-01-24,8.47,8.35,8.54,8.15,68787399.0,573988023.0
2022-01-25,8.2,7.71,8.25,7.56,85738686.0,670168143.0
2022-01-26,7.71,7.75,7.99,7.67,48397300.0,376616079.0
2022-01-27,7.7,7.78,8.1,7.57,52652987.0,412415885.0
2022-01-28,7.73,7.65,7.81,7.25,46710920.0,351368638.0
2022-02-07,7.46,7.49,7.69,7.32,50197364.0,377402456.0
2022-02-08,7.64,7.73,7.83,7.52,58261431.0,447379507.0
2022-02-09,7.66,7.86,7.93,7.63,54376964.0,425480864.0
2022-02-10,8.03,7.83,8.12,7.67,63011101.0,496863286.0
2022-02-11,7.81,7.61,7.86,7.6,48105537.0,372427005.0
2022-02-14,7.71,7.74,7.94,7.66,51402963.0,399880336.0
2022-02-15,7.75,7.88,8.06,7.62,61858999.0,488105831.0
2022-02-16,7.81,7.83,7.85,7.69,41262198.0,320655275.0
2022-02-17,7.79,8.21,8.23,7.74,81569539.0,656382076.0
2022-02-18,8.14,8.14,8.23,8.07,46322677.0,376937033.0
2022-02-21,8.15,8.17,8.23,8.06,37638228.0,306664018.0
2022-02-22,8.15,8.28,8.34,8.08,50844508.0,416818878.0
2022-02-23,8.28,8.25,8.43,8.12,45192919.0,373215910.0
2022-02-24,8.24,8.13,8.48,7.99,82719730.0,685021639.0
2022-02-25,8.02,8.23,8.39,8.0,56236073.0,463040979.0
2022-02-28,8.3,8.37,8.43,8.13,51115392.0,424760652.0
2022-03-01,8.34,8.3,8.4,8.18,40616857.0,336099123.0
2022-03-02,8.37,8.4,8.55,8.31,49467548.0,417238197.0
2022-03-03,8.42,8.43,8.6,8.4,49572592.0,420055041.0
2022-03-04,8.43,8.21,8.44,8.18,52489288.0,435034510.0
2022-03-07,8.45,8.43,8.58,8.34,75564596.0,639641309.0
2022-03-08,9.12,8.65,9.2,8.38,166171469.0,1459832278.0
2022-03-09,8.18,8.36,8.69,8.05,119041463.0,997591667.0
2022-03-10,8.17,8.08,8.34,7.95,90551219.0,735989540.0
2022-03-11,8.04,8.64,8.72,7.78,130014678.0,1081452309.0
2022-03-14,8.59,8.14,8.65,8.14,75901827.0,633156678.0
2022-03-15,8.2,7.46,8.2,7.41,68854413.0,533250779.0
2022-03-16,7.51,7.81,7.81,7.21,55950239.0,421988167.0
2022-03-17,7.86,8.08,8.48,7.83,92441744.0,757130410.0
2022-03-18,8.1,8.12,8.19,8.01,37601040.0,303813060.0
2022-03-21,8.08,8.1,8.21,7.95,36550764.0,295629607.0
2022-03-22,8.11,8.03,8.14,8.02,28084930.0,226603531.0
2022-03-23,8.01,7.87,8.04,7.83,31400445.0,248779296.0
2022-03-24,8.18,7.95,8.23,7.85,42747913.0,341701394.0
2022-03-25,7.96,7.84,8.21,7.81,48631170.0,389057434.0
2022-03-28,7.74,7.62,7.79,7.45,35766005.0,271709902.0
2022-03-29,7.62,7.67,7.82,7.52,29305465.0,224480984.0
2022-03-30,7.64,7.68,7.72,7.58,18367880.0,140758762.0
2022-03-31,7.69,7.53,7.73,7.5,24881096.0,189701295.0
2022-04-01,7.5,7.59,7.62,7.41,18207074.0,137324751.0
2022-04-06,7.59,7.66,7.66,7.51,14827293.0,112410409.0
2022-04-07,7.62,7.46,7.65,7.42,18849434.0,141632578.0
2022-04-08,7.47,7.54,7.64,7.33,22961462.0,172059524.0
2022-04-11,7.52,7.51,7.85,7.44,31104692.0,236998614.0
2022-04-12,7.47,7.7,7.71,7.42,25550059.0,193627867.0
2022-04-13,7.68,7.81,8.01,7.66,41317906.0,324163014.0
2022-04-14,7.84,8.11,8.14,7.74,44218375.0,353898120.0
2022-04-15,7.98,7.83,8.15,7.78,39453302.0,314596696.0
2022-04-18,7.79,7.65,7.83,7.58,32296891.0,247714353.0
2022-04-19,7.69,7.71,7.82,7.65,23098975.0,178751190.0
2022-04-20,7.65,7.35,7.7,7.33,34424292.0,258216284.0
2022-04-21,7.34,6.92,7.34,6.89,43022156.0,303187262.0
2022-04-22,6.91,6.97,7.02,6.78,16229530.0,111736321.0
2022-04-25,6.84,6.45,6.84,6.42,26942511.0,178301964.0
2022-04-26,6.45,6.06,6.53,5.98,31822647.0,198125487.0
2022-04-27,5.9,6.46,6.5,5.9,28727841.0,177395209.0
2022-04-28,6.43,6.5,6.61,6.36,19923931.0,129204331.0
2022-04-29,6.58,6.68,6.7,6.49,17090099.0,112802367.0
2022-05-05,6.48,6.44,6.57,6.34,22547974.0,145394715.0
2022-05-06,6.26,6.16,6.26,6.09,21150851.0,130293714.0
2022-05-09,6.09,6.36,6.4,6.08,19722002.0,124719952.0
2022-05-10,6.28,6.36,6.37,6.15,15630970.0,98431274.0
2022-05-11,6.32,6.24,6.45,6.23,20080096.0,127825499.0
2022-05-12,6.24,6.17,6.29,6.08,17257818.0,106563786.0
2022-05-13,6.24,6.16,6.24,6.08,12047006.0,73963186.0
2022-05-16,6.17,6.05,6.22,5.99,20074814.0,121965198.0
2022-05-17,6.04,6.05,6.08,5.95,17682667.0,106416882.0
2022-05-18,6.05,6.06,6.12,6.02,14421505.0,87379436.0
2022-05-19,5.92,6.04,6.07,5.88,17271396.0,103391742.0
2022-05-20,6.23,6.23,6.32,6.07,40053366.0,247496081.0
2022-05-23,6.27,6.41,6.53,6.26,46065189.0,294352384.0
2022-05-24,6.41,6.08,6.41,6.07,28888426.0,180265318.0
2022-05-25,6.13,6.19,6.21,6.07,15413912.0,94748187.0
2022-05-26,6.14,6.2,6.23,6.05,18509676.0,113688828.0
2022-05-27,6.22,6.15,6.24,6.08,18720308.0,115262971.0
2022-05-30,6.15,6.16,6.21,6.12,12414335.0,76380643.0
2022-05-31,6.12,6.28,6.44,6.1,31310106.0,196158594.0
2022-06-01,6.24,6.25,6.27,6.15,15371884.0,95669502.0
2022-06-02,6.19,6.27,6.32,6.18,18529781.0,116141082.0
2022-06-06,6.25,6.38,6.46,6.25,31693796.0,202195934.0
2022-06-07,6.38,6.34,6.41,6.28,25004868.0,158618319.0
2022-06-08,6.33,6.42,6.43,6.22,32850569.0,209107664.0
2022-06-09,6.39,6.34,6.4,6.26,21953112.0,138999652.0
2022-06-10,6.31,6.49,6.52,6.25,31626872.0,203568485.0
2022-06-13,6.44,6.57,6.7,6.41,35398398.0,233185410.0
2022-06-14,6.48,6.68,6.69,6.38,33295628.0,217281198.0
2022-06-15,6.6,6.61,6.74,6.6,27584259.0,184054730.0
2022-06-16,6.67,6.57,6.72,6.55,21046266.0,139490135.0
2022-06-17,6.49,6.74,6.8,6.47,31950655.0,214337276.0
2022-06-20,6.78,6.73,6.87,6.69,23564851.0,159272111.0
2022-06-21,6.73,6.55,6.75,6.49,25529756.0,168515603.0
2022-06-22,6.55,6.5,6.63,6.46,16093865.0,105393171.0
2022-06-23,6.47,6.58,6.64,6.45,17752663.0,116236282.0
2022-06-24,6.57,6.62,6.64,6.5,19911843.0,131107688.0
2022-06-27,6.62,6.8,6.9,6.55,41577401.0,281016319.0
2022-06-28,6.82,7.06,7.11,6.81,45321605.0,317362409.0
2022-06-29,7.08,6.92,7.12,6.92,28838586.0,202017074.0
2022-06-30,6.92,7.07,7.19,6.92,29449878.0,209099685.0
2022-07-01,7.05,7.16,7.17,6.97,26424928.0,187888617.0
2022-07-04,7.18,7.86,7.88,7.11,99787897.0,768487913.0
2022-07-05,7.74,7.56,7.81,7.49,70701085.0,539902767.0
2022-07-06,7.49,7.28,7.55,7.19,33777573.0,248145541.0
2022-07-07,7.3,7.34,7.45,7.26,22207859.0,163531426.0
2022-07-08,7.4,7.2,7.44,7.18,19260655.0,140618171.0
2022-07-11,7.2,7.02,7.23,6.96,23209442.0,163470669.0
2022-07-12,7.03,7.04,7.21,7.01,16489134.0,116952644.0
2022-07-13,6.99,7.02,7.11,6.94,11716913.0,82187199.0
2022-07-14,6.99,6.83,7.02,6.76,26288488.0,180661650.0
2022-07-15,6.73,6.63,6.77,6.61,19122268.0,127470755.0
2022-07-18,6.65,6.76,6.77,6.64,12583009.0,84612464.0
2022-07-19,6.74,6.84,6.9,6.73,12504984.0,85247197.0
2022-07-20,6.78,6.83,6.91,6.78,11158607.0,76328558.0
2022-07-21,6.79,6.99,7.12,6.73,23985450.0,166682128.0
2022-07-22,6.96,7.07,7.18,6.96,16321722.0,115495322.0
2022-07-25,7.07,7.26,7.34,7.05,25227966.0,182392882.0
2022-07-26,7.27,7.34,7.36,7.18,20869134.0,152251148.0
2022-07-27,7.31,7.56,7.63,7.26,32018066.0,240247197.0
2022-07-28,7.54,7.54,7.62,7.48,21018284.0,158579309.0
2022-07-29,7.63,7.56,7.65,7.53,17356826.0,131569039.0
2022-08-01,7.58,7.5,7.61,7.31,36789793.0,274158765.0
2022-08-02,7.44,7.14,7.46,6.98,37853545.0,272003083.0
2022-08-03,7.17,7.08,7.37,7.05,24759437.0,179149660.0
2022-08-04,7.17,7.04,7.19,6.92,18638905.0,131152183.0
2022-08-05,7.09,7.43,7.48,7.07,30421908.0,222678632.0
2022-08-08,7.42,7.25,7.43,7.25,20222679.0,147555041.0
2022-08-09,7.3,7.33,7.44,7.21,22087220.0,161746527.0
2022-08-10,7.32,7.33,7.43,7.31,14916491.0,109868598.0
2022-08-11,7.33,7.34,7.36,7.24,12891752.0,94131855.0
2022-08-12,7.33,7.35,7.43,7.29,12766164.0,94133167.0
2022-08-15,7.38,7.34,7.45,7.31,14333358.0,105643881.0
2022-08-16,7.55,7.24,7.73,7.12,46334247.0,339335297.0
2022-08-17,7.21,7.09,7.27,7.05,28576668.0,203184433.0
2022-08-18,7.09,7.02,7.09,6.99,14191154.0,99676237.0
2022-08-19,7.01,6.96,7.09,6.93,15720846.0,109686629.0
2022-08-22,6.92,7.02,7.02,6.77,14865386.0,102806330.0
2022-08-23,6.98,6.95,7.02,6.92,11046973.0,76856779.0
2022-08-24,6.93,6.76,6.99,6.73,15969463.0,109440747.0
2022-08-25,6.8,6.79,6.86,6.68,11773917.0,79443653.0
2022-08-26,6.68,6.7,6.8,6.65,13855452.0,93312748.0
2022-08-29,6.61,6.64,6.67,6.55,14408111.0,95308776.0
2022-08-30,6.64,6.72,6.82,6.63,13955865.0,93902931.0
2022-08-31,6.71,6.56,6.73,6.54,14188208.0,93552042.0
2022-09-01,6.56,6.41,6.59,6.39,12856218.0,83378454.0
2022-09-02,6.4,6.37,6.44,6.33,9381615.0,59836225.0
2022-09-05,6.38,6.41,6.43,6.33,8600399.0,54957444.0
2022-09-06,6.45,6.59,6.61,6.43,15472447.0,101534314.0
2022-09-07,6.54,6.67,6.71,6.5,11095362.0,73671653.0
2022-09-08,6.7,6.75,6.76,6.62,12222237.0,81824247.0
2022-09-09,6.75,6.72,6.81,6.68,14069305.0,94752425.0
2022-09-13,6.82,6.81,6.92,6.78,15236679.0,104272740.0
2022-09-14,6.7,6.7,6.79,6.64,11747445.0,78920982.0
2022-09-15,6.73,6.47,6.75,6.4,19365770.0,126612637.0
2022-09-16,6.45,6.17,6.45,6.17,18050946.0,113409751.0
2022-09-19,6.18,6.08,6.25,6.03,10783753.0,66070777.0
2022-09-20,6.11,6.19,6.28,6.11,10613945.0,65616308.0
2022-09-21,6.13,6.43,6.46,6.08,17364090.0,110120178.0
2022-09-22,6.4,6.51,6.56,6.35,14109780.0,91344945.0
2022-09-23,6.57,6.39,6.57,6.33,12797309.0,82369681.0
2022-09-26,6.31,6.08,6.31,6.05,13719519.0,84376518.0
2022-09-27,6.11,6.09,6.14,5.88,14263343.0,85427069.0
2022-09-28,6.05,5.81,6.07,5.81,15613940.0,92131407.0
2022-09-29,5.97,5.73,5.97,5.6,16134438.0,92943505.0
2022-09-30,5.7,5.76,5.83,5.67,10551308.0,60778778.0
2022-10-10,5.8,5.58,5.83,5.57,11335104.0,64432161.0
2022-10-11,5.55,5.55,5.66,5.52,8667799.0,48353069.0
2022-10-12,5.55,5.67,5.68,5.41,11977299.0,66476208.0
2022-10-13,5.64,5.64,5.7,5.55,10533792.0,59374710.0
2022-10-14,5.69,5.74,5.78,5.65,11979693.0,68607076.0
2022-10-17,5.71,5.77,5.77,5.68,8018256.0,45988868.0
2022-10-18,5.84,5.76,5.84,5.73,8404882.0,48472145.0
2022-10-19,5.76,5.66,5.78,5.66,7261246.0,41457749.0
2022-10-20,5.66,5.65,5.72,5.55,10915912.0,61506508.0
2022-10-21,5.69,5.59,5.72,5.56,7856019.0,44256602.0
2022-10-24,5.65,5.56,5.79,5.54,15158667.0,85895336.0
2022-10-25,5.55,5.59,5.63,5.41,10957732.0,60406395.0
2022-10-26,5.57,5.79,5.8,5.57,15908190.0,90874107.0
2022-10-27,5.79,5.81,5.96,5.76,13620716.0,80021756.0
2022-10-28,5.8,5.61,5.84,5.59,15323401.0,87740796.0
2022-10-31,5.56,5.73,5.75,5.56,12076190.0,68729270.0
2022-11-01,5.73,5.91,5.92,5.72,13448035.0,78499102.0
2022-11-02,5.88,5.92,6.0,5.85,14511400.0,86145178.0
2022-11-03,5.88,5.94,5.97,5.79,14215221.0,83409127.0
2022-11-04,5.94,6.05,6.11,5.89,15647242.0,94279939.0
2022-11-07,6.15,6.18,6.23,6.13,15465724.0,95551851.0
2022-11-08,6.18,6.17,6.28,6.12,19904657.0,123271710.0
2022-11-09,6.34,6.21,6.38,6.21,24489049.0,153623480.0
2022-11-10,6.12,6.17,6.22,6.11,12564352.0,77349422.0
2022-11-11,6.3,6.33,6.42,6.3,24756022.0,157407813.0
2022-11-14,6.28,6.19,6.38,6.17,18623640.0,116263746.0
2022-11-15,6.19,6.25,6.29,6.19,10853192.0,67901008.0
2022-11-16,6.29,6.24,6.32,6.19,12134867.0,75752013.0
2022-11-17,6.19,6.17,6.24,6.09,17390159.0,106838716.0
2022-11-18,6.18,6.07,6.2,6.03,10820664.0,65986778.0
2022-11-21,6.08,6.14,6.15,5.92,10505319.0,63534960.0
2022-11-22,6.21,6.05,6.23,6.02,10380784.0,63348184.0
2022-11-23,6.08,6.05,6.1,6.01,8133475.0,49170458.0
2022-11-24,6.1,6.12,6.22,6.09,12372399.0,76021786.0
2022-11-25,6.09,6.12,6.22,6.05,11572251.0,70969684.0
2022-11-28,6.05,6.06,6.11,5.97,11667880.0,70414048.0
2022-11-29,6.07,6.15,6.15,6.01,9558303.0,58233086.0
2022-11-30,6.16,6.15,6.22,6.12,8159552.0,50361770.0
2022-12-01,6.33,6.22,6.36,6.2,12457883.0,77918862.0
2022-12-02,6.23,6.22,6.31,6.16,12603527.0,78522923.0
2022-12-05,6.28,6.39,6.47,6.25,28666315.0,183026744.0
2022-12-06,6.32,6.33,6.39,6.29,14204710.0,90084219.0
2022-12-07,6.28,6.28,6.39,6.28,10500497.0,66472289.0
2022-12-08,6.29,6.27,6.35,6.24,8545543.0,53888509.0
2022-12-09,6.31,6.4,6.41,6.26,15450193.0,98261894.0
2022-12-12,6.41,6.22,6.41,6.2,16030249.0,100429445.0
2022-12-13,6.24,6.27,6.31,6.19,7683993.0,48105863.0
2022-12-14,6.37,6.39,6.5,6.33,16741202.0,107548286.0
2022-12-15,6.37,6.24,6.4,6.23,11425398.0,71786534.0
2022-12-16,6.21,6.2,6.26,6.16,8774147.0,54341008.0
2022-12-19,6.2,6.08,6.22,6.0,11549471.0,70293231.0
2022-12-20,6.05,6.02,6.11,6.01,6769292.0,40922089.0
2022-12-21,6.14,6.04,6.17,6.01,11216395.0,68085738.0
2022-12-22,6.04,5.91,6.12,5.88,12283572.0,73425930.0
2022-12-23,5.86,5.88,5.94,5.85,10067289.0,59221183.0
2022-12-26,5.88,6.05,6.07,5.88,10242927.0,61410657.0
2022-12-27,6.08,6.06,6.08,6.01,6706541.0,40485702.0
2022-12-28,6.03,6.29,6.35,6.02,25210476.0,157285829.0
2022-12-29,6.3,6.16,6.33,6.13,13188341.0,81905145.0
2022-12-30,6.17,6.08,6.2,6.06,10484533.0,63975076.0
2023-01-03,6.08,6.19,6.21,6.04,13196544.0,80837858.0
2023-01-04,6.19,6.14,6.21,6.11,11506276.0,70793666.0
2023-01-05,6.14,6.13,6.18,6.11,11266787.0,69176018.0
2023-01-06,6.13,6.16,6.18,6.11,8544765.0,52529570.0
2023-01-09,6.22,6.29,6.35,6.2,22877792.0,143931651.0
2023-01-10,6.31,6.23,6.33,6.21,13352590.0,83380323.0
2023-01-11,6.24,6.26,6.3,6.22,10948732.0,68581233.0
2023-01-12,6.27,6.23,6.3,6.23,11968906.0,74989771.0
2023-01-13,6.28,6.26,6.34,6.2,9986488.0,62661743.0
2023-01-16,6.28,6.3,6.36,6.28,14116156.0,89403832.0
2023-01-17,6.3,6.24,6.33,6.22,9281739.0,58110730.0
2023-01-18,6.27,6.29,6.34,6.25,10283471.0,64884692.0
2023-01-19,6.28,6.38,6.38,6.25,16175484.0,102495951.0
2023-01-20,6.39,6.5,6.53,6.38,20008412.0,129695464.0
2023-01-30,6.6,6.55,6.65,6.51,19719604.0,129873052.0
2023-01-31,6.52,6.6,6.65,6.49,12803361.0,84402910.0
2023-02-01,6.61,6.79,6.91,6.6,27384534.0,186223329.0
2023-02-02,6.79,6.78,6.87,6.76,19715014.0,134183249.0
2023-02-03,6.76,6.76,6.8,6.63,17688038.0,118643639.0
2023-02-06,6.65,6.7,6.72,6.6,18955954.0,126374429.0
2023-02-07,6.75,6.99,7.07,6.66,43053199.0,297679297.0
2023-02-08,7.05,6.98,7.1,6.87,26926465.0,187494943.0
2023-02-09,6.99,7.07,7.13,6.94,25209314.0,177811153.0
2023-02-10,7.04,6.95,7.05,6.91,20551662.0,143469178.0
2023-02-13,6.95,7.0,7.01,6.87,17168246.0,119320471.0
2023-02-14,7.01,7.11,7.16,6.96,20261567.0,143925292.0
2023-02-15,7.12,7.11,7.16,7.04,14179497.0,100855414.0
2023-02-16,7.08,6.91,7.13,6.85,18876959.0,132740727.0
2023-02-17,6.91,6.86,7.01,6.86,11983385.0,82939049.0
2023-02-20,6.86,7.08,7.1,6.86,19976478.0,140105374.0
2023-02-21,7.08,7.22,7.25,7.07,20746531.0,149204132.0
2023-02-22,7.18,7.18,7.24,7.14,14088708.0,101500130.0
2023-02-23,7.2,7.26,7.43,7.18,25716955.0,187806809.0
2023-02-24,7.21,7.31,7.46,7.19,19211338.0,140964241.0
2023-02-27,7.26,7.11,7.3,7.08,19771284.0,141619125.0
2023-02-28,7.18,7.2,7.24,7.12,12379155.0,88832737.0
2023-03-01,7.2,7.17,7.2,7.1,13394637.0,95743056.0
2023-03-02,7.18,7.59,7.78,6.98,79070708.0,584188712.0
2023-03-03,7.58,7.68,8.0,7.54,79489389.0,618918590.0
2023-03-06,7.69,7.59,7.73,7.47,33713484.0,255317760.0
2023-03-07,7.59,7.67,7.95,7.58,40734540.0,317186459.0
2023-03-08,7.69,7.62,7.72,7.5,21974207.0,167131213.0
2023-03-09,7.57,7.58,7.82,7.51,18329316.0,139610731.0
2023-03-10,7.58,7.44,7.67,7.39,22466343.0,168344878.0
2023-03-13,7.58,7.63,7.76,7.54,29484357.0,225763980.0
2023-03-14,8.2,8.17,8.4,8.08,95844751.0,790482012.0
2023-03-15,8.18,8.25,8.46,8.16,56429949.0,467817830.0
2023-03-16,8.24,7.95,8.24,7.87,45519824.0,364577346.0
2023-03-17,7.93,7.94,8.05,7.88,26409506.0,209906036.0
2023-03-20,8.04,8.01,8.17,7.91,31525017.0,253068690.0
2023-03-21,7.88,8.02,8.03,7.85,21970843.0,174536178.0
2023-03-22,8.04,8.06,8.1,7.9,18309694.0,146448905.0
2023-03-23,8.0,8.07,8.1,7.93,20457088.0,164357545.0
2023-03-24,8.07,8.15,8.19,8.05,24251230.0,197130961.0
2023-03-27,8.08,8.07,8.11,7.83,28156097.0,224360037.0
2023-03-28,8.03,7.91,8.13,7.87,21661963.0,173331788.0
2023-03-29,7.92,7.86,7.98,7.82,15458425.0,121952638.0
2023-03-30,7.86,7.85,7.92,7.75,17162356.0,134403454.0
2023-03-31,7.88,8.04,8.09,7.8,19755576.0,158119366.0
2023-04-03,7.78,8.0,8.05,7.78,20647592.0,164479791.0
2023-04-04,7.92,7.91,8.01,7.83,17094992.0,135222764.0
2023-04-06,8.15,8.13,8.2,8.02,30061307.0,243530717.0
2023-04-07,8.12,8.11,8.15,8.01,15579432.0,125828205.0
2023-04-10,8.07,8.28,8.36,8.07,30768852.0,254911674.0
2023-04-11,8.26,8.98,9.08,8.2,64070944.0,558653991.0
2023-04-12,8.99,9.07,9.17,8.86,47279911.0,425570027.0
2023-04-13,9.06,9.26,9.42,9.03,45535868.0,422321150.0
2023-04-14,9.47,9.36,9.48,9.29,31288322.0,293383930.0
2023-04-17,9.23,9.55,9.58,9.17,35193416.0,331311961.0
2023-04-18,9.48,9.21,9.6,9.13,40915097.0,381790803.0
2023-04-19,9.49,9.1,9.49,9.04,30536774.0,280237503.0
2023-04-20,9.07,8.8,9.1,8.63,44040913.0,387059699.0
2023-04-21,8.86,8.59,8.87,8.54,22694523.0,196866031.0
2023-04-24,8.61,8.54,8.75,8.5,28444244.0,245034344.0
2023-04-25,8.58,8.48,8.77,8.38,22818198.0,195818934.0
2023-04-26,8.51,8.64,8.66,8.4,21462577.0,183788846.0
2023-04-27,8.59,8.72,8.82,8.51,21062801.0,182532255.0
2023-04-28,8.68,8.7,8.76,8.64,15665352.0,136105609.0
2023-05-04,9.1,8.59,9.34,8.36,59566012.0,523407484.0
2023-05-05,8.61,8.58,8.68,8.43,25228608.0,215839377.0
2023-05-08,8.53,8.58,8.68,8.42,18431141.0,157706837.0
2023-05-09,8.54,8.19,8.59,8.17,29532419.0,246953810.0
2023-05-10,8.17,8.21,8.31,8.14,18715711.0,154144311.0
2023-05-11,8.22,8.05,8.23,8.04,14883887.0,120501233.0
2023-05-12,8.0,7.84,8.0,7.6,30385910.0,236577731.0
2023-05-15,7.84,8.08,8.1,7.79,17837500.0,141742867.0
2023-05-16,8.11,8.07,8.29,7.94,16567545.0,133330499.0
2023-05-17,8.07,8.33,8.34,8.02,16673369.0,137304139.0
2023-05-18,8.35,8.82,8.86,8.28,34936609.0,303135507.0
2023-05-19,8.91,8.67,8.95,8.61,16263842.0,141310139.0
2023-05-22,8.65,8.72,8.85,8.64,11994579.0,104729692.0
2023-05-23,8.75,8.66,8.75,8.56,12597360.0,108776784.0
2023-05-24,8.63,8.73,8.94,8.57,16009805.0,140163990.0
2023-05-25,8.7,8.41,8.75,8.34,20003783.0,169846902.0
2023-05-26,8.41,8.64,8.78,8.3,19392874.0,166119783.0
2023-05-29,8.67,8.78,8.86,8.53,16244963.0,142081470.0
2023-05-30,8.8,8.92,8.92,8.69,18525192.0,163752535.0
2023-05-31,8.88,9.25,9.28,8.83,29805033.0,272225030.0
2023-06-01,9.19,9.24,9.34,9.18,28462113.0,263473671.0
2023-06-02,9.3,9.48,9.55,9.26,34031073.0,321509854.0
2023-06-05,9.48,9.12,9.66,9.08,31164181.0,290034907.0
2023-06-06,9.28,8.7,9.31,8.58,39889953.0,355456742.0
2023-06-07,8.72,8.94,9.08,8.7,26355701.0,234980383.0
2023-06-08,8.95,9.1,9.17,8.93,18767964.0,170551673.0
2023-06-09,9.27,9.12,9.37,8.97,24306100.0,222579750.0
2023-06-12,9.38,9.46,9.54,9.25,32431021.0,305526117.0
2023-06-13,9.41,9.3,9.51,9.22,25660503.0,240157479.0
2023-06-14,9.32,9.63,9.75,9.26,33483690.0,318840671.0
2023-06-15,9.63,9.35,9.66,9.33,20755029.0,196071525.0
2023-06-16,9.39,9.35,9.57,9.28,15448284.0,144997042.0
2023-06-19,9.28,9.33,9.4,9.27,12919495.0,120456263.0
2023-06-20,9.28,9.32,9.42,9.26,16817613.0,156826703.0
2023-06-21,9.28,9.09,9.29,9.07,19261840.0,176687283.0
2023-06-26,8.97,8.6,9.01,8.55,31426951.0,275572059.0
2023-06-27,8.68,8.82,8.87,8.58,16271091.0,142169298.0
2023-06-28,8.79,8.85,8.97,8.65,15372400.0,134937641.0
2023-06-29,8.78,8.71,8.86,8.68,10437721.0,91397010.0
2023-06-30,8.72,8.86,8.88,8.63,14038511.0,123033185.0
2023-07-03,8.92,8.88,9.08,8.78,20701014.0,184823260.0
2023-07-04,8.91,9.02,9.04,8.78,14056218.0,125732364.0
2023-07-05,9.04,9.61,9.9,8.99,50774364.0,484982166.0
2023-07-06,9.63,9.73,9.88,9.35,35860224.0,346376539.0
2023-07-07,9.8,9.75,9.8,9.57,19321886.0,187349322.0
2023-07-10,9.78,9.8,9.89,9.73,19269556.0,188764808.0
2023-07-11,9.79,9.8,9.85,9.59,16113224.0,156808497.0
2023-07-12,9.77,9.7,9.88,9.69,13040762.0,127523386.0
2023-07-13,9.94,9.62,10.16,9.58,23437233.0,230153377.0
2023-07-14,9.76,9.57,9.93,9.56,13234234.0,128092463.0
2023-07-17,9.58,9.46,9.68,9.4,11582265.0,110097954.0
2023-07-18,9.46,9.56,9.6,9.38,11105636.0,105482750.0
2023-07-19,9.53,9.53,9.65,9.38,9620231.0,91416339.0
2023-07-20,9.5,9.4,9.58,9.39,8635196.0,81702250.0
2023-07-21,9.35,9.5,9.68,9.35,14298045.0,135709622.0
2023-07-24,9.49,9.37,9.62,9.28,13518326.0,127726053.0
2023-07-25,9.4,9.4,9.51,9.33,13045975.0,122843332.0
2023-07-26,9.46,9.54,9.76,9.41,19570640.0,186786311.0
2023-07-27,9.62,9.46,9.68,9.41,20188155.0,192738195.0
2023-07-28,9.34,9.24,9.34,9.04,21461756.0,197323405.0
2023-07-31,9.24,9.28,9.46,9.21,13197441.0,123079800.0
2023-08-01,9.28,9.2,9.36,9.07,13636869.0,125485971.0
2023-08-02,9.26,9.15,9.27,9.04,13896955.0,126977163.0
2023-08-03,9.13,8.95,9.15,8.88,18992741.0,170792594.0
2023-08-04,8.99,8.71,9.17,8.68,31392599.0,277980425.0
2023-08-07,8.78,8.8,8.84,8.6,23363304.0,203755339.0
2023-08-08,8.75,9.1,9.16,8.73,23292333.0,209681350.0
2023-08-09,9.04,9.01,9.09,8.88,14730538.0,132111919.0
2023-08-10,8.97,9.13,9.24,8.96,14089877.0,128644279.0
2023-08-11,9.11,9.0,9.24,8.96,13264258.0,120277248.0
2023-08-14,8.9,9.01,9.06,8.8,10512243.0,93964273.0
2023-08-15,8.97,8.84,9.04,8.78,10045410.0,89055555.0
2023-08-16,8.79,8.73,8.84,8.71,7122970.0,62448960.0
2023-08-17,8.75,9.04,9.09,8.59,13688886.0,121638840.0
2023-08-18,9.1,8.6,9.1,8.58,16910456.0,148068593.0
2023-08-21,8.6,8.56,8.73,8.48,12046562.0,103552723.0
2023-08-22,8.58,8.69,8.75,8.53,14222399.0,123070318.0
2023-08-23,8.66,8.71,8.82,8.49,12590088.0,108747005.0
2023-08-24,8.74,8.67,8.88,8.65,11895113.0,103963665.0
2023-08-25,8.63,8.32,8.7,8.3,17415011.0,147335030.0
2023-08-28,8.78,8.29,8.86,8.12,30241618.0,252907510.0
2023-08-29,8.33,8.48,8.59,8.26,22502891.0,190365660.0
2023-08-30,8.5,9.25,9.27,8.49,43482169.0,390780263.0
2023-08-31,9.21,9.09,9.31,8.99,22041180.0,201418456.0
2023-09-01,9.1,9.25,9.28,9.05,13607802.0,125059563.0
2023-09-04,9.31,9.3,9.42,9.2,18885235.0,175861858.0
2023-09-05,9.3,9.3,9.34,9.2,10047200.0,93122204.0
2023-09-06,9.27,9.29,9.36,9.25,7395658.0,68737115.0
2023-09-07,9.25,9.11,9.32,9.07,10863833.0,99624369.0
2023-09-08,9.08,9.09,9.17,9.03,8404369.0,76350058.0
2023-09-11,9.1,9.24,9.26,9.03,11276403.0,103442645.0
2023-09-12,9.26,9.19,9.37,9.18,14380800.0,132933246.0
2023-09-13,9.22,9.23,9.32,9.13,12627338.0,116497728.0
2023-09-14,9.23,9.52,9.6,9.22,25611098.0,242180390.0
2023-09-15,9.5,9.44,9.68,9.38,16820050.0,159979431.0
2023-09-18,9.4,9.45,9.49,9.27,11386800.0,106888344.0
2023-09-19,9.5,9.49,9.68,9.31,19333712.0,184044587.0
2023-09-20,9.5,9.42,9.53,9.38,7347062.0,69302806.0
2023-09-21,9.41,9.3,9.45,9.23,11190712.0,104354142.0
2023-09-22,9.3,9.38,9.41,9.19,14893628.0,138666439.0
2023-09-25,9.44,9.46,9.56,9.31,11698309.0,110637324.0
2023-09-26,9.4,9.5,9.55,9.36,11504711.0,109022457.0
2023-09-27,9.45,9.67,9.82,9.45,20440941.0,197494524.0
2023-09-28,9.66,9.71,9.8,9.64,14317432.0,139087820.0
2023-10-09,10.18,10.39,10.44,9.94,62809603.0,643841886.0
2023-10-10,10.47,10.35,10.48,10.23,24748314.0,256284549.0
2023-10-11,10.37,10.13,10.4,10.09,20163006.0,205468489.0
2023-10-12,10.16,10.12,10.3,10.1,12246300.0,124609635.0
2023-10-13,10.13,10.14,10.16,9.97,15439000.0,155462056.0
2023-10-16,10.26,10.09,10.28,10.0,16730921.0,169661913.0
2023-10-17,10.17,10.09,10.17,9.98,10185539.0,102467162.0
2023-10-18,10.02,9.89,10.05,9.87,14459400.0,143851037.0
2023-10-19,9.89,9.82,9.98,9.69,17024821.0,167621206.0
2023-10-20,9.86,9.81,9.96,9.77,13422901.0,132177576.0
2023-10-23,9.8,9.3,9.8,9.26,20638137.0,196033898.0
2023-10-24,9.39,9.38,9.45,9.15,27390600.0,255930497.0
2023-10-25,9.58,9.42,9.62,9.38,17141800.0,162923491.0
2023-10-26,9.29,9.4,9.54,9.28,18050137.0,170175678.0
2023-10-27,9.38,9.5,9.63,9.34,17529969.0,166950085.0
2023-10-30,9.6,9.15,9.68,9.11,35340456.0,329348884.0
2023-10-31,9.25,9.39,9.42,9.16,24966303.0,232277537.0
2023-11-01,9.37,9.32,9.41,9.21,13903300.0,129596919.0
2023-11-02,9.39,9.1,9.45,9.08,18564223.0,170774731.0
2023-11-03,9.1,9.0,9.16,8.9,20406300.0,184489398.0
2023-11-06,9.06,9.19,9.21,9.05,19087488.0,174415932.0
2023-11-07,9.08,9.13,9.22,9.06,15069733.0,137611097.0
2023-11-08,9.1,9.29,9.4,9.06,21816000.0,201778445.0
2023-11-09,9.28,9.26,9.31,9.09,18268271.0,168183966.0
2023-11-10,9.28,9.13,9.32,9.1,16282900.0,149642075.0
2023-11-13,9.15,9.06,9.16,8.72,24697596.0,221329177.0
2023-11-14,9.05,8.89,9.1,8.85,18378735.0,164557181.0
2023-11-15,8.99,8.95,9.19,8.87,22207830.0,199558384.0
2023-11-16,8.92,8.82,8.98,8.78,13783386.0,121872566.0
2023-11-17,8.8,9.11,9.13,8.74,23008174.0,207011292.0
2023-11-20,9.13,8.99,9.2,8.95,13420047.0,120870595.0
2023-11-21,9.01,9.11,9.35,9.01,18883555.0,173041256.0
2023-11-22,9.1,8.98,9.15,8.96,13668677.0,123708198.0
2023-11-23,8.9,9.02,9.02,8.87,7505545.0,67175075.0
2023-11-24,9.18,8.91,9.18,8.86,16734102.0,149779427.0
2023-11-27,9.09,9.13,9.25,9.04,32528380.0,297244994.0
2023-11-28,9.16,9.13,9.27,9.07,17605464.0,161070118.0
2023-11-29,9.18,9.14,9.26,9.11,16643017.0,152829618.0
2023-11-30,9.13,9.0,9.15,8.88,21971700.0,196997755.0
2023-12-01,9.0,9.07,9.12,8.89,13501300.0,121794156.0
2023-12-04,9.16,9.13,9.33,9.1,21409998.0,197002087.0
2023-12-05,9.03,8.98,9.07,8.96,14533500.0,130832619.0
2023-12-06,8.94,9.03,9.08,8.91,16554157.0,148719978.0
2023-12-07,9.0,9.13,9.2,8.93,15446800.0,140108425.0
2023-12-08,9.13,9.02,9.15,8.99,12391400.0,112013842.0
2023-12-11,8.96,9.01,9.01,8.8,13253000.0,118569141.0
2023-12-12,8.98,9.01,9.05,8.94,9250972.0,83218903.0
2023-12-13,9.01,8.95,9.03,8.95,6214183.0,55772321.0
2023-12-14,9.01,9.05,9.15,9.0,13653383.0,123855018.0
2023-12-15,9.08,8.86,9.12,8.51,26682720.0,235639517.0
2023-12-18,8.72,8.99,9.04,8.71,18120994.0,162235155.0
2023-12-19,8.9,8.86,9.12,8.79,14193800.0,126118246.0
2023-12-20,8.83,8.86,8.97,8.83,8543813.0,75976805.67
2023-12-21,8.84,8.87,8.94,8.71,9990191.0,88035601.4
2023-12-22,8.87,8.8,8.91,8.76,11616700.0,102512378.0
2023-12-25,8.79,8.84,8.87,8.76,7907300.0,69830554.0
2023-12-26,8.88,8.85,8.95,8.81,8727700.0,77503427.0
2023-12-27,8.75,8.92,8.93,8.66,10448037.0,92400381.21
2023-12-28,8.94,8.95,9.04,8.92,12861583.0,115280307.0
2023-12-29,8.9,9.08,9.18,8.85,20814996.0,188494346.14
